collegelife,壓力,/f/collegelife/p/255255640
collegelife,壓力,/f/collegelife/p/255019169
collegelife,壓力,/f/collegelife/p/255066778
collegelife,壓力,/f/collegelife/p/255209965
collegelife,壓力,/f/collegelife/p/255076037
collegelife,課業壓力,/f/collegelife/p/255255640
collegelife,畢業發展,/f/collegelife/p/255102558
collegelife,畢業發展,/f/collegelife/p/255031472
collegelife,畢業發展,/f/collegelife/p/255278508
collegelife,畢業發展,/f/collegelife/p/255217818
collegelife,畢業發展,/f/collegelife/p/255067582
collegelife,畢業發展,/f/collegelife/p/255218204
collegelife,畢業發展,/f/collegelife/p/255111772
collegelife,畢業發展,/f/collegelife/p/255018302
collegelife,畢業發展,/f/collegelife/p/255255640
collegelife,畢業發展,/f/collegelife/p/255072125
collegelife,畢業發展,/f/collegelife/p/255176180
collegelife,畢業發展,/f/collegelife/p/255258244
collegelife,畢業發展,/f/collegelife/p/255091388
collegelife,畢業發展,/f/collegelife/p/255094164
collegelife,畢業發展,/f/collegelife/p/255071285
collegelife,畢業發展,/f/collegelife/p/255242845
collegelife,人際關係,/f/collegelife/p/255061948
collegelife,人際關係,/f/collegelife/p/255222812
collegelife,家庭狀況,/f/collegelife/p/255255640
collegelife,家庭狀況,/f/collegelife/p/255213818
collegelife,家庭狀況,/f/collegelife/p/255038997
collegelife,家庭狀況,/f/collegelife/p/255242845
collegelife,家庭狀況,/f/collegelife/p/255115523
collegelife,家庭狀況,/f/collegelife/p/255094164
collegelife,家庭狀況,/f/collegelife/p/255267964
collegelife,家庭狀況,/f/collegelife/p/255225827
collegelife,家庭狀況,/f/collegelife/p/255081448