graduate_school,壓力,/f/graduate_school/p/239477301
graduate_school,壓力,/f/graduate_school/p/240292359
graduate_school,壓力,/f/graduate_school/p/240301145
graduate_school,壓力,/f/graduate_school/p/255087660
graduate_school,壓力,/f/graduate_school/p/241809360
graduate_school,壓力,/f/graduate_school/p/255065597
graduate_school,壓力,/f/graduate_school/p/234912336
graduate_school,壓力,/f/graduate_school/p/240195924
graduate_school,壓力,/f/graduate_school/p/239984333
graduate_school,壓力,/f/graduate_school/p/255027641
graduate_school,壓力,/f/graduate_school/p/254886513
graduate_school,壓力,/f/graduate_school/p/254955537
graduate_school,壓力,/f/graduate_school/p/254993721
graduate_school,壓力,/f/graduate_school/p/255264788
graduate_school,壓力,/f/graduate_school/p/254965980
graduate_school,壓力,/f/graduate_school/p/254989151
graduate_school,壓力,/f/graduate_school/p/254705212
graduate_school,壓力,/f/graduate_school/p/255094668
graduate_school,壓力,/f/graduate_school/p/255264510
graduate_school,壓力,/f/graduate_school/p/255166895
graduate_school,壓力,/f/graduate_school/p/255093146
graduate_school,壓力,/f/graduate_school/p/254792799
graduate_school,壓力,/f/graduate_school/p/254959516
graduate_school,壓力,/f/graduate_school/p/238743827
graduate_school,壓力,/f/graduate_school/p/255255346
graduate_school,壓力,/f/graduate_school/p/255109926
graduate_school,壓力,/f/graduate_school/p/255123821
graduate_school,壓力,/f/graduate_school/p/255054822
graduate_school,壓力,/f/graduate_school/p/255201355
graduate_school,壓力,/f/graduate_school/p/255258080
graduate_school,壓力,/f/graduate_school/p/254911177
graduate_school,壓力,/f/graduate_school/p/255109623
graduate_school,壓力,/f/graduate_school/p/255077864
graduate_school,壓力,/f/graduate_school/p/254841317
graduate_school,壓力,/f/graduate_school/p/254907442
graduate_school,壓力,/f/graduate_school/p/255068292
graduate_school,壓力,/f/graduate_school/p/255256822
graduate_school,壓力,/f/graduate_school/p/255086246
graduate_school,壓力,/f/graduate_school/p/255134855
graduate_school,壓力,/f/graduate_school/p/255138342
graduate_school,壓力,/f/graduate_school/p/255038652
graduate_school,壓力,/f/graduate_school/p/254989540
graduate_school,壓力,/f/graduate_school/p/255264790
graduate_school,壓力,/f/graduate_school/p/255037498
graduate_school,壓力,/f/graduate_school/p/255134474
graduate_school,壓力,/f/graduate_school/p/255093520
graduate_school,壓力,/f/graduate_school/p/254767328
graduate_school,壓力,/f/graduate_school/p/255106960
graduate_school,壓力,/f/graduate_school/p/255062544
graduate_school,壓力,/f/graduate_school/p/255027208
graduate_school,壓力,/f/graduate_school/p/254863089
graduate_school,壓力,/f/graduate_school/p/255093950
graduate_school,壓力,/f/graduate_school/p/255004475
graduate_school,壓力,/f/graduate_school/p/254960759
graduate_school,壓力,/f/graduate_school/p/255113555
graduate_school,壓力,/f/graduate_school/p/255150869
graduate_school,壓力,/f/graduate_school/p/254957751
graduate_school,壓力,/f/graduate_school/p/255060612
graduate_school,壓力,/f/graduate_school/p/254834038
graduate_school,壓力,/f/graduate_school/p/255220781
graduate_school,壓力,/f/graduate_school/p/255067859
graduate_school,壓力,/f/graduate_school/p/255121474
graduate_school,壓力,/f/graduate_school/p/255133513
graduate_school,壓力,/f/graduate_school/p/255017345
graduate_school,壓力,/f/graduate_school/p/254735364
graduate_school,壓力,/f/graduate_school/p/254866426
graduate_school,壓力,/f/graduate_school/p/255173514
graduate_school,壓力,/f/graduate_school/p/255099283
graduate_school,壓力,/f/graduate_school/p/255078039
graduate_school,壓力,/f/graduate_school/p/254989263
graduate_school,壓力,/f/graduate_school/p/255051364
graduate_school,壓力,/f/graduate_school/p/255103938
graduate_school,壓力,/f/graduate_school/p/255122845
graduate_school,壓力,/f/graduate_school/p/254744618
graduate_school,壓力,/f/graduate_school/p/254956319
graduate_school,壓力,/f/graduate_school/p/255255275
graduate_school,壓力,/f/graduate_school/p/255133555
graduate_school,壓力,/f/graduate_school/p/255151431
graduate_school,壓力,/f/graduate_school/p/254618957
graduate_school,壓力,/f/graduate_school/p/254943539
graduate_school,壓力,/f/graduate_school/p/255159481
graduate_school,壓力,/f/graduate_school/p/255270264
graduate_school,壓力,/f/graduate_school/p/255068759
graduate_school,壓力,/f/graduate_school/p/254912778
graduate_school,壓力,/f/graduate_school/p/255147968
graduate_school,壓力,/f/graduate_school/p/255217712
graduate_school,壓力,/f/graduate_school/p/255069333
graduate_school,壓力,/f/graduate_school/p/254954851
graduate_school,壓力,/f/graduate_school/p/254965827
graduate_school,壓力,/f/graduate_school/p/255151129
graduate_school,壓力,/f/graduate_school/p/255086013
graduate_school,壓力,/f/graduate_school/p/255234761
graduate_school,壓力,/f/graduate_school/p/254938445
graduate_school,壓力,/f/graduate_school/p/255113360
graduate_school,壓力,/f/graduate_school/p/255140417
graduate_school,壓力,/f/graduate_school/p/255111475
graduate_school,壓力,/f/graduate_school/p/255225040
graduate_school,壓力,/f/graduate_school/p/254659813
graduate_school,壓力,/f/graduate_school/p/255103149
graduate_school,壓力,/f/graduate_school/p/255244082
graduate_school,壓力,/f/graduate_school/p/255025692
graduate_school,壓力,/f/graduate_school/p/255114813
graduate_school,壓力,/f/graduate_school/p/255246218
graduate_school,壓力,/f/graduate_school/p/255034966
graduate_school,壓力,/f/graduate_school/p/255116671
graduate_school,壓力,/f/graduate_school/p/255049519
graduate_school,壓力,/f/graduate_school/p/254899135
graduate_school,壓力,/f/graduate_school/p/254933059
graduate_school,壓力,/f/graduate_school/p/255173685
graduate_school,壓力,/f/graduate_school/p/255245552
graduate_school,壓力,/f/graduate_school/p/255189034
graduate_school,壓力,/f/graduate_school/p/255070295
graduate_school,壓力,/f/graduate_school/p/255251579
graduate_school,壓力,/f/graduate_school/p/255258738
graduate_school,壓力,/f/graduate_school/p/255214145
graduate_school,壓力,/f/graduate_school/p/255116305
graduate_school,壓力,/f/graduate_school/p/254969624
graduate_school,壓力,/f/graduate_school/p/255243904
graduate_school,壓力,/f/graduate_school/p/255069758
graduate_school,壓力,/f/graduate_school/p/255092277
graduate_school,壓力,/f/graduate_school/p/243872759
graduate_school,壓力,/f/graduate_school/p/253107952
graduate_school,壓力,/f/graduate_school/p/254327446
graduate_school,壓力,/f/graduate_school/p/237998576
graduate_school,壓力,/f/graduate_school/p/237815057
graduate_school,壓力,/f/graduate_school/p/240520500
graduate_school,壓力,/f/graduate_school/p/253834373
graduate_school,壓力,/f/graduate_school/p/253662520
graduate_school,壓力,/f/graduate_school/p/241491805
graduate_school,壓力,/f/graduate_school/p/240479073
graduate_school,壓力,/f/graduate_school/p/253990878
graduate_school,壓力,/f/graduate_school/p/254276292
graduate_school,壓力,/f/graduate_school/p/254407606
graduate_school,壓力,/f/graduate_school/p/238387855
graduate_school,壓力,/f/graduate_school/p/241153185
graduate_school,壓力,/f/graduate_school/p/240653915
graduate_school,壓力,/f/graduate_school/p/237118373
graduate_school,壓力,/f/graduate_school/p/240742072
graduate_school,壓力,/f/graduate_school/p/239745782
graduate_school,壓力,/f/graduate_school/p/239886622
graduate_school,壓力,/f/graduate_school/p/234893957
graduate_school,壓力,/f/graduate_school/p/232590585
graduate_school,壓力,/f/graduate_school/p/237174909
graduate_school,壓力,/f/graduate_school/p/239595986
graduate_school,壓力,/f/graduate_school/p/234413703
graduate_school,壓力,/f/graduate_school/p/255001348
graduate_school,壓力,/f/graduate_school/p/254706129
graduate_school,壓力,/f/graduate_school/p/237680823
graduate_school,壓力,/f/graduate_school/p/255056134
graduate_school,壓力,/f/graduate_school/p/254986438
graduate_school,壓力,/f/ntu/p/237674137
graduate_school,壓力,/f/graduate_school/p/241856711
graduate_school,壓力,/f/graduate_school/p/241752651
graduate_school,壓力,/f/graduate_school/p/253109533
graduate_school,壓力,/f/graduate_school/p/241335257
graduate_school,壓力,/f/graduate_school/p/241430554
graduate_school,壓力,/f/graduate_school/p/254414345
graduate_school,壓力,/f/graduate_school/p/252950318
graduate_school,壓力,/f/graduate_school/p/237149707
graduate_school,壓力,/f/graduate_school/p/238745458
graduate_school,壓力,/f/graduate_school/p/239508375
graduate_school,壓力,/f/graduate_school/p/239546740
graduate_school,壓力,/f/graduate_school/p/238661182
graduate_school,壓力,/f/graduate_school/p/254000932
graduate_school,壓力,/f/graduate_school/p/253538336
graduate_school,壓力,/f/graduate_school/p/238256256
graduate_school,壓力,/f/graduate_school/p/234543106
graduate_school,壓力,/f/graduate_school/p/254773318
graduate_school,壓力,/f/graduate_school/p/237954066
graduate_school,壓力,/f/graduate_school/p/254988556
graduate_school,壓力,/f/graduate_school/p/238410931
graduate_school,壓力,/f/graduate_school/p/254801655
graduate_school,壓力,/f/graduate_school/p/238996601
graduate_school,壓力,/f/graduate_school/p/253397492
graduate_school,壓力,/f/graduate_school/p/239977705
graduate_school,壓力,/f/graduate_school/p/254482345
graduate_school,壓力,/f/graduate_school/p/254664193
graduate_school,壓力,/f/graduate_school/p/254964783
graduate_school,壓力,/f/graduate_school/p/234465667
graduate_school,壓力,/f/graduate_school/p/254045976
graduate_school,壓力,/f/graduate_school/p/240106725
graduate_school,壓力,/f/graduate_school/p/240548762
graduate_school,壓力,/f/graduate_school/p/240015183
graduate_school,壓力,/f/graduate_school/p/239692356
graduate_school,壓力,/f/graduate_school/p/254382696
graduate_school,壓力,/f/graduate_school/p/241202135
graduate_school,壓力,/f/graduate_school/p/253816721
graduate_school,壓力,/f/graduate_school/p/254515458
graduate_school,壓力,/f/graduate_school/p/253186304
graduate_school,壓力,/f/graduate_school/p/254572022
graduate_school,壓力,/f/graduate_school/p/241691256
graduate_school,壓力,/f/graduate_school/p/254771931
graduate_school,壓力,/f/graduate_school/p/240427187
graduate_school,壓力,/f/graduate_school/p/254601668
graduate_school,壓力,/f/graduate_school/p/255035796
graduate_school,壓力,/f/graduate_school/p/255036026
graduate_school,壓力,/f/graduate_school/p/255188302
graduate_school,壓力,/f/graduate_school/p/254967300
graduate_school,壓力,/f/graduate_school/p/253985143
graduate_school,壓力,/f/graduate_school/p/254994807
graduate_school,壓力,/f/graduate_school/p/254903085
graduate_school,壓力,/f/graduate_school/p/232795461
graduate_school,壓力,/f/graduate_school/p/238952409
graduate_school,壓力,/f/graduate_school/p/237982381
graduate_school,壓力,/f/graduate_school/p/238071226
graduate_school,壓力,/f/graduate_school/p/253818137
graduate_school,壓力,/f/graduate_school/p/239998222
graduate_school,壓力,/f/graduate_school/p/242015169
graduate_school,壓力,/f/graduate_school/p/241357337
graduate_school,壓力,/f/graduate_school/p/236637029
graduate_school,壓力,/f/graduate_school/p/236641559
graduate_school,壓力,/f/graduate_school/p/253326224
graduate_school,壓力,/f/graduate_school/p/253794725
graduate_school,壓力,/f/graduate_school/p/240312586
graduate_school,壓力,/f/graduate_school/p/236666538
graduate_school,壓力,/f/graduate_school/p/240476292
graduate_school,壓力,/f/graduate_school/p/235595375
graduate_school,壓力,/f/graduate_school/p/235141977
graduate_school,壓力,/f/graduate_school/p/241332437
graduate_school,壓力,/f/graduate_school/p/234712887
graduate_school,壓力,/f/graduate_school/p/237389298
graduate_school,壓力,/f/graduate_school/p/254104309
graduate_school,壓力,/f/graduate_school/p/238027529
graduate_school,壓力,/f/graduate_school/p/233112846
graduate_school,壓力,/f/graduate_school/p/241606452
graduate_school,壓力,/f/graduate_school/p/253707290
graduate_school,壓力,/f/graduate_school/p/253365429
graduate_school,壓力,/f/graduate_school/p/241058309
graduate_school,壓力,/f/graduate_school/p/241436140
graduate_school,壓力,/f/graduate_school/p/254205785
graduate_school,壓力,/f/graduate_school/p/232534073
graduate_school,壓力,/f/graduate_school/p/253809351
graduate_school,壓力,/f/graduate_school/p/253801069
graduate_school,壓力,/f/graduate_school/p/241123335
graduate_school,壓力,/f/graduate_school/p/239477512
graduate_school,壓力,/f/graduate_school/p/239420120
graduate_school,壓力,/f/graduate_school/p/235377881
graduate_school,壓力,/f/graduate_school/p/241165562
graduate_school,壓力,/f/graduate_school/p/242601789
graduate_school,壓力,/f/graduate_school/p/238034370
graduate_school,壓力,/f/graduate_school/p/241561753
graduate_school,壓力,/f/graduate_school/p/235567758
graduate_school,壓力,/f/graduate_school/p/237686759
graduate_school,壓力,/f/graduate_school/p/241983933
graduate_school,壓力,/f/graduate_school/p/253795299
graduate_school,壓力,/f/graduate_school/p/238002819
graduate_school,壓力,/f/graduate_school/p/253836122
graduate_school,壓力,/f/graduate_school/p/234829625
graduate_school,壓力,/f/graduate_school/p/238666698
graduate_school,壓力,/f/graduate_school/p/240827365
graduate_school,壓力,/f/graduate_school/p/254246927
graduate_school,壓力,/f/graduate_school/p/234696036
graduate_school,壓力,/f/graduate_school/p/253530023
graduate_school,壓力,/f/graduate_school/p/254465612
graduate_school,壓力,/f/graduate_school/p/236467875
graduate_school,壓力,/f/graduate_school/p/237243192
graduate_school,壓力,/f/graduate_school/p/253721114
graduate_school,壓力,/f/graduate_school/p/253220569
graduate_school,壓力,/f/graduate_school/p/240882618
graduate_school,壓力,/f/graduate_school/p/235249315
graduate_school,壓力,/f/graduate_school/p/236509612
graduate_school,壓力,/f/graduate_school/p/235297695
graduate_school,壓力,/f/graduate_school/p/235509566
graduate_school,壓力,/f/graduate_school/p/236723070
graduate_school,壓力,/f/graduate_school/p/240738226
graduate_school,壓力,/f/graduate_school/p/240132559
graduate_school,壓力,/f/graduate_school/p/233982488
graduate_school,壓力,/f/graduate_school/p/238582845
graduate_school,壓力,/f/graduate_school/p/238273247
graduate_school,壓力,/f/graduate_school/p/253014827
graduate_school,壓力,/f/graduate_school/p/234630665
graduate_school,壓力,/f/graduate_school/p/238135042
graduate_school,壓力,/f/graduate_school/p/254294734
graduate_school,壓力,/f/graduate_school/p/233965748
graduate_school,壓力,/f/graduate_school/p/237159581
graduate_school,壓力,/f/graduate_school/p/232514806
graduate_school,壓力,/f/graduate_school/p/237617383
graduate_school,壓力,/f/graduate_school/p/241447661
graduate_school,壓力,/f/graduate_school/p/240676236
graduate_school,壓力,/f/graduate_school/p/238334963
graduate_school,壓力,/f/graduate_school/p/241759637
graduate_school,壓力,/f/graduate_school/p/241498136
graduate_school,壓力,/f/graduate_school/p/253410728
graduate_school,壓力,/f/graduate_school/p/237318727
graduate_school,壓力,/f/graduate_school/p/240519086
graduate_school,壓力,/f/graduate_school/p/237729196
graduate_school,壓力,/f/graduate_school/p/236418236
graduate_school,壓力,/f/graduate_school/p/232690201
graduate_school,壓力,/f/graduate_school/p/234353209
graduate_school,壓力,/f/graduate_school/p/235341082
graduate_school,壓力,/f/graduate_school/p/240873645
graduate_school,壓力,/f/graduate_school/p/239784816
graduate_school,壓力,/f/graduate_school/p/233066704
graduate_school,壓力,/f/graduate_school/p/242740151
graduate_school,壓力,/f/graduate_school/p/254118638
graduate_school,壓力,/f/graduate_school/p/237558865
graduate_school,壓力,/f/graduate_school/p/240799376
graduate_school,壓力,/f/graduate_school/p/234708721
graduate_school,壓力,/f/graduate_school/p/253202155
graduate_school,壓力,/f/graduate_school/p/238001350
graduate_school,壓力,/f/graduate_school/p/235503222
graduate_school,壓力,/f/graduate_school/p/236940760
graduate_school,壓力,/f/graduate_school/p/240485288
graduate_school,壓力,/f/graduate_school/p/253083021
graduate_school,壓力,/f/graduate_school/p/248259074
graduate_school,壓力,/f/graduate_school/p/235464599
graduate_school,壓力,/f/graduate_school/p/240210637
graduate_school,壓力,/f/graduate_school/p/241679144
graduate_school,壓力,/f/graduate_school/p/238673832
graduate_school,壓力,/f/graduate_school/p/241504512
graduate_school,壓力,/f/graduate_school/p/239728704
graduate_school,壓力,/f/graduate_school/p/239686373
graduate_school,壓力,/f/graduate_school/p/253173938
graduate_school,壓力,/f/graduate_school/p/238803633
graduate_school,壓力,/f/graduate_school/p/234343468
graduate_school,壓力,/f/graduate_school/p/241171912
graduate_school,壓力,/f/graduate_school/p/234939085
graduate_school,壓力,/f/graduate_school/p/237227690
graduate_school,壓力,/f/graduate_school/p/234871421
graduate_school,壓力,/f/graduate_school/p/254019161
graduate_school,壓力,/f/graduate_school/p/232835090
graduate_school,壓力,/f/graduate_school/p/238215209
graduate_school,壓力,/f/graduate_school/p/239209044
graduate_school,壓力,/f/graduate_school/p/253856608
graduate_school,壓力,/f/graduate_school/p/236651404
graduate_school,壓力,/f/graduate_school/p/239572606
graduate_school,壓力,/f/graduate_school/p/239685641
graduate_school,壓力,/f/graduate_school/p/240290823
graduate_school,壓力,/f/graduate_school/p/254374841
graduate_school,壓力,/f/graduate_school/p/234724979
graduate_school,壓力,/f/graduate_school/p/239894076
graduate_school,壓力,/f/graduate_school/p/233477174
graduate_school,壓力,/f/graduate_school/p/239086690
graduate_school,壓力,/f/graduate_school/p/240578639
graduate_school,壓力,/f/graduate_school/p/240023793
graduate_school,壓力,/f/graduate_school/p/253697870
graduate_school,壓力,/f/graduate_school/p/253946511
graduate_school,課業壓力,/f/graduate_school/p/239692356
graduate_school,課業壓力,/f/graduate_school/p/253834373
graduate_school,課業壓力,/f/graduate_school/p/238410931
graduate_school,課業壓力,/f/graduate_school/p/237147488
graduate_school,課業壓力,/f/graduate_school/p/253721114
graduate_school,課業壓力,/f/graduate_school/p/238300544
graduate_school,課業壓力,/f/graduate_school/p/236430907
graduate_school,課業壓力,/f/graduate_school/p/240154312
graduate_school,課業壓力,/f/graduate_school/p/240756276
graduate_school,課業壓力,/f/graduate_school/p/234353209
graduate_school,課業壓力,/f/graduate_school/p/254907442
graduate_school,課業壓力,/f/graduate_school/p/239878030
graduate_school,課業壓力,/f/graduate_school/p/253945079
graduate_school,課業壓力,/f/graduate_school/p/255173514
graduate_school,課業壓力,/f/graduate_school/p/241763853
graduate_school,課業壓力,/f/graduate_school/p/254047957
graduate_school,課業壓力,/f/graduate_school/p/240296994
graduate_school,課業壓力,/f/graduate_school/p/239086690
graduate_school,課業壓力,/f/graduate_school/p/241123335
graduate_school,課業壓力,/f/graduate_school/p/253809351
graduate_school,課業壓力,/f/graduate_school/p/235985175
graduate_school,課業壓力,/f/graduate_school/p/254246927
graduate_school,課業壓力,/f/graduate_school/p/254912778
graduate_school,課業壓力,/f/graduate_school/p/238699274
graduate_school,課業壓力,/f/graduate_school/p/241530123
graduate_school,課業壓力,/f/graduate_school/p/232995409
graduate_school,課業壓力,/f/graduate_school/p/254104309
graduate_school,課業壓力,/f/graduate_school/p/254362179
graduate_school,課業壓力,/f/graduate_school/p/240210637
graduate_school,課業壓力,/f/graduate_school/p/237818237
graduate_school,畢業發展,/f/graduate_school/p/236642456
graduate_school,畢業發展,/f/graduate_school/p/241742153
graduate_school,畢業發展,/f/graduate_school/p/254007141
graduate_school,畢業發展,/f/graduate_school/p/237926672
graduate_school,畢業發展,/f/graduate_school/p/239563057
graduate_school,畢業發展,/f/graduate_school/p/241376577
graduate_school,畢業發展,/f/graduate_school/p/240132577
graduate_school,畢業發展,/f/graduate_school/p/255264674
graduate_school,畢業發展,/f/graduate_school/p/235545004
graduate_school,畢業發展,/f/graduate_school/p/239334017
graduate_school,畢業發展,/f/graduate_school/p/253846814
graduate_school,畢業發展,/f/graduate_school/p/253487841
graduate_school,畢業發展,/f/graduate_school/p/236704685
graduate_school,畢業發展,/f/graduate_school/p/233927081
graduate_school,畢業發展,/f/graduate_school/p/254834305
graduate_school,畢業發展,/f/graduate_school/p/254958431
graduate_school,畢業發展,/f/graduate_school/p/238360760
graduate_school,畢業發展,/f/graduate_school/p/240555229
graduate_school,畢業發展,/f/graduate_school/p/255025521
graduate_school,畢業發展,/f/graduate_school/p/254791843
graduate_school,畢業發展,/f/graduate_school/p/233478463
graduate_school,畢業發展,/f/graduate_school/p/242638275
graduate_school,畢業發展,/f/graduate_school/p/238380272
graduate_school,畢業發展,/f/graduate_school/p/253799561
graduate_school,畢業發展,/f/graduate_school/p/237701969
graduate_school,畢業發展,/f/graduate_school/p/254290493
graduate_school,畢業發展,/f/graduate_school/p/237489894
graduate_school,畢業發展,/f/graduate_school/p/255155770
graduate_school,畢業發展,/f/graduate_school/p/254060266
graduate_school,畢業發展,/f/graduate_school/p/234987988
graduate_school,人際關係,/f/graduate_school/p/241469481
graduate_school,人際關係,/f/graduate_school/p/237733409
graduate_school,人際關係,/f/graduate_school/p/240010703
graduate_school,人際關係,/f/graduate_school/p/239209044
graduate_school,人際關係,/f/graduate_school/p/237370890
graduate_school,人際關係,/f/graduate_school/p/252785381
graduate_school,人際關係,/f/graduate_school/p/253834373
graduate_school,人際關係,/f/graduate_school/p/255038652
graduate_school,人際關係,/f/graduate_school/p/241372355
graduate_school,人際關係,/f/graduate_school/p/241620500
graduate_school,人際關係,/f/graduate_school/p/237192420
graduate_school,人際關係,/f/graduate_school/p/238952539
graduate_school,人際關係,/f/graduate_school/p/254417582
graduate_school,人際關係,/f/graduate_school/p/236183975
graduate_school,人際關係,/f/graduate_school/p/240318477
graduate_school,人際關係,/f/graduate_school/p/253887108
graduate_school,人際關係,/f/graduate_school/p/254904536
graduate_school,人際關係,/f/graduate_school/p/237668803
graduate_school,人際關係,/f/graduate_school/p/240597084
graduate_school,人際關係,/f/graduate_school/p/237296914
graduate_school,人際關係,/f/graduate_school/p/241026600
graduate_school,人際關係,/f/graduate_school/p/233198228
graduate_school,人際關係,/f/graduate_school/p/254735364
graduate_school,人際關係,/f/graduate_school/p/254155169
graduate_school,人際關係,/f/graduate_school/p/234659039
graduate_school,人際關係,/f/graduate_school/p/232583377
graduate_school,人際關係,/f/graduate_school/p/241897075
graduate_school,人際關係,/f/graduate_school/p/238317563
graduate_school,人際關係,/f/graduate_school/p/235767163
graduate_school,人際關係,/f/graduate_school/p/238624691
graduate_school,經濟狀況,/f/graduate_school/p/253207494
graduate_school,經濟狀況,/f/graduate_school/p/241912347
graduate_school,經濟狀況,/f/graduate_school/p/235852178
graduate_school,經濟狀況,/f/graduate_school/p/241892265
graduate_school,經濟狀況,/f/graduate_school/p/255147938
graduate_school,經濟狀況,/f/graduate_school/p/240444036
graduate_school,經濟狀況,/f/graduate_school/p/235327356
graduate_school,經濟狀況,/f/graduate_school/p/241861116
graduate_school,經濟狀況,/f/graduate_school/p/240692162
graduate_school,經濟狀況,/f/graduate_school/p/241881236
graduate_school,經濟狀況,/f/graduate_school/p/236885089
graduate_school,經濟狀況,/f/graduate_school/p/254745054
graduate_school,經濟狀況,/f/graduate_school/p/240500650
graduate_school,經濟狀況,/f/graduate_school/p/237738575
graduate_school,經濟狀況,/f/graduate_school/p/254678120
graduate_school,經濟狀況,/f/graduate_school/p/238405248
graduate_school,經濟狀況,/f/graduate_school/p/238033585
graduate_school,經濟狀況,/f/graduate_school/p/253501969
graduate_school,經濟狀況,/f/graduate_school/p/241206398
graduate_school,經濟狀況,/f/graduate_school/p/236093997
graduate_school,經濟狀況,/f/graduate_school/p/242469480
graduate_school,經濟狀況,/f/graduate_school/p/243028481
graduate_school,經濟狀況,/f/graduate_school/p/235633527
graduate_school,經濟狀況,/f/graduate_school/p/240645951
graduate_school,經濟狀況,/f/graduate_school/p/255150026
graduate_school,經濟狀況,/f/graduate_school/p/238462293
graduate_school,經濟狀況,/f/graduate_school/p/233303742
graduate_school,經濟狀況,/f/graduate_school/p/236716092
graduate_school,經濟狀況,/f/graduate_school/p/239279297
graduate_school,經濟狀況,/f/graduate_school/p/241469084
graduate_school,家庭狀況,/f/graduate_school/p/241338081
graduate_school,家庭狀況,/f/graduate_school/p/241383888
graduate_school,家庭狀況,/f/graduate_school/p/235327356
graduate_school,家庭狀況,/f/graduate_school/p/240722883
graduate_school,家庭狀況,/f/graduate_school/p/237161236
graduate_school,家庭狀況,/f/graduate_school/p/255245664
graduate_school,家庭狀況,/f/graduate_school/p/255249288
graduate_school,家庭狀況,/f/graduate_school/p/238634840
graduate_school,家庭狀況,/f/graduate_school/p/255016187
graduate_school,家庭狀況,/f/graduate_school/p/254980341
graduate_school,家庭狀況,/f/graduate_school/p/239823274
graduate_school,家庭狀況,/f/graduate_school/p/241719245
graduate_school,家庭狀況,/f/graduate_school/p/254947937
graduate_school,家庭狀況,/f/graduate_school/p/241926048
graduate_school,家庭狀況,/f/graduate_school/p/238961844
graduate_school,家庭狀況,/f/graduate_school/p/239446455
graduate_school,家庭狀況,/f/graduate_school/p/254834669
graduate_school,家庭狀況,/f/graduate_school/p/255204733
graduate_school,家庭狀況,/f/graduate_school/p/235990212
graduate_school,家庭狀況,/f/graduate_school/p/233502272
graduate_school,家庭狀況,/f/graduate_school/p/239924807
graduate_school,家庭狀況,/f/graduate_school/p/254770604
graduate_school,家庭狀況,/f/graduate_school/p/238465560
graduate_school,家庭狀況,/f/graduate_school/p/255127736
graduate_school,家庭狀況,/f/graduate_school/p/255110698
graduate_school,家庭狀況,/f/graduate_school/p/238605713
graduate_school,家庭狀況,/f/graduate_school/p/239774867
graduate_school,家庭狀況,/f/graduate_school/p/233258027
graduate_school,家庭狀況,/f/graduate_school/p/255122845
graduate_school,家庭狀況,/f/graduate_school/p/254915052