mood,研究所,/f/mood/p/254969616
mood,研究所,/f/mood/p/255173807
mood,研究所,/f/mood/p/255212060
mood,研究所,/f/mood/p/255211879
mood,研究所,/f/mood/p/255274485
mood,研究所,/f/mood/p/254991701
mood,研究所,/f/mood/p/255169402
mood,研究所,/f/mood/p/255270138
mood,研究所,/f/mood/p/254804793
mood,研究所,/f/mood/p/255145072
mood,研究所,/f/mood/p/255126267
mood,研究所,/f/mood/p/255156117
mood,研究所,/f/mood/p/255250059
mood,研究所,/f/mood/p/254734808
mood,研究所,/f/mood/p/254983321
mood,研究所,/f/mood/p/254781988
mood,研究所,/f/mood/p/255088470
mood,研究所,/f/mood/p/255110988
mood,研究所,/f/mood/p/255073600
mood,研究所,/f/mood/p/254782476
mood,研究所,/f/mood/p/254843698
mood,研究所,/f/mood/p/254595671
mood,研究所,/f/mood/p/254771597
mood,研究所,/f/mood/p/254976059
mood,研究所,/f/mood/p/255219384
mood,研究所,/f/mood/p/254965913
mood,研究所,/f/mood/p/254796005
mood,研究所,/f/mood/p/254850764
mood,研究所,/f/mood/p/255108244
mood,研究所,/f/mood/p/255251563
mood,研究所,/f/mood/p/255276188
mood,研究所,/f/mood/p/254727719
mood,研究所,/f/mood/p/254828155
mood,研究所,/f/mood/p/255093808
mood,研究所,/f/mood/p/255278377
mood,研究所,/f/mood/p/255178647
mood,研究所,/f/mood/p/255119484
mood,研究所,/f/mood/p/255005419
mood,研究所,/f/mood/p/254957099
mood,研究所,/f/mood/p/254977326
mood,研究所,/f/mood/p/254997047
mood,研究所,/f/mood/p/254811213
mood,研究所,/f/mood/p/254924796
mood,研究所,/f/mood/p/254794281
mood,研究所,/f/mood/p/255130711
mood,研究所,/f/mood/p/255255315
mood,研究所,/f/mood/p/254945703
mood,研究所,/f/mood/p/254926963
mood,研究所,/f/mood/p/254665228
mood,研究所,/f/mood/p/255269206
mood,研究所,/f/mood/p/255136141
mood,研究所,/f/mood/p/255199414
mood,研究所,/f/mood/p/255279285
mood,研究所,/f/mood/p/255261987
mood,研究所,/f/mood/p/254941178
mood,研究所,/f/mood/p/255035153
mood,研究所,/f/mood/p/255254126
mood,研究所,/f/mood/p/255091724
mood,研究所,/f/mood/p/254826053
mood,研究所,/f/mood/p/255258912
mood,研究所,/f/mood/p/255216722
mood,研究所,/f/mood/p/255019884
mood,研究所,/f/mood/p/255109271
mood,研究所,/f/mood/p/254862747
mood,研究所,/f/mood/p/254973216
mood,研究所,/f/mood/p/255052080
mood,研究所,/f/mood/p/255165823
mood,研究所,/f/mood/p/255144861
mood,研究所,/f/mood/p/255025450
mood,研究所,/f/mood/p/255233675
mood,研究所,/f/mood/p/254947516
mood,研究所,/f/mood/p/254783158
mood,研究所,/f/mood/p/255058349
mood,研究所,/f/mood/p/254941605
mood,研究所,/f/mood/p/255036089
mood,研究所,/f/mood/p/254947117
mood,研究所,/f/mood/p/255080279
mood,研究所,/f/mood/p/254788295
mood,研究所,/f/mood/p/255006199
mood,研究所,/f/mood/p/255127388
mood,研究所,/f/mood/p/254950837
mood,研究所,/f/mood/p/255051750
mood,研究所,/f/mood/p/255068777
mood,研究所,/f/mood/p/255085266
mood,研究所,/f/mood/p/254822029
mood,研究所,/f/mood/p/255155897
mood,研究所,/f/mood/p/255016404
mood,研究所,/f/mood/p/255205344
mood,研究所,/f/mood/p/255059048
mood,研究所,/f/mood/p/254737020
mood,研究所,/f/mood/p/254711392
mood,研究所,/f/mood/p/255064414
mood,研究所,/f/mood/p/255128067
mood,研究所,/f/mood/p/254849085
mood,研究所,/f/mood/p/255144503
mood,研究所,/f/mood/p/254988274
mood,研究所,/f/mood/p/254859884
mood,研究所,/f/mood/p/254927391
mood,研究所,/f/mood/p/255240175
mood,研究所,/f/mood/p/254819907
mood,研究所,/f/mood/p/255083272
mood,研究所,/f/mood/p/255021725
mood,研究所,/f/mood/p/255272179
mood,研究所,/f/mood/p/254869874
mood,研究所,/f/mood/p/254933365
mood,研究所,/f/mood/p/255127691
mood,研究所,/f/mood/p/254913958
mood,研究所,/f/mood/p/255101046
mood,研究所,/f/mood/p/254972365
mood,研究所,/f/mood/p/254851784
mood,研究所,/f/mood/p/255074748
mood,研究所,/f/mood/p/254909597
mood,研究所,/f/mood/p/254998133
mood,研究所,/f/mood/p/254961887
mood,研究所,/f/mood/p/254905723
mood,研究所,/f/mood/p/255156194
mood,研究所,/f/mood/p/255032898
mood,研究所,/f/mood/p/255123561
mood,研究所,/f/mood/p/254784111
mood,研究所,/f/mood/p/255048024
mood,研究所,/f/mood/p/254496933
mood,研究所,/f/mood/p/31900
mood,研究所,/f/mood/p/225874924
mood,研究所,/f/mood/p/233938045
mood,研究所,/f/mood/p/242684057
mood,研究所,/f/mood/p/863527
mood,研究所,/f/mood/p/63178
mood,研究所,/f/mood/p/229401352
mood,研究所,/f/mood/p/234576326
mood,研究所,/f/mood/p/230983979
mood,研究所,/f/mood/p/229055166
mood,研究所,/f/mood/p/52753516
mood,研究所,/f/mood/p/227661816
mood,研究所,/f/mood/p/236487180
mood,研究所,/f/mood/p/224887660
mood,研究所,/f/mood/p/801722
mood,研究所,/f/mood/p/238085269
mood,研究所,/f/mood/p/254676932
mood,研究所,/f/mood/p/236223546
mood,研究所,/f/mood/p/228237089
mood,研究所,/f/mood/p/224793908
mood,研究所,/f/mood/p/224043407
mood,研究所,/f/mood/p/225026763
mood,研究所,/f/mood/p/254659310
mood,研究所,/f/mood/p/254712885
mood,研究所,/f/mood/p/254860146
mood,研究所,/f/mood/p/254748052
mood,研究所,/f/mood/p/254772664
mood,研究所,/f/mood/p/228798899
mood,研究所,/f/mood/p/230786321
mood,研究所,/f/mood/p/542504
mood,研究所,/f/mood/p/240136170
mood,研究所,/f/mood/p/229604027
mood,研究所,/f/mood/p/230314292
mood,研究所,/f/mood/p/151088022
mood,研究所,/f/mood/p/227893244
mood,研究所,/f/mood/p/228385454
mood,研究所,/f/mood/p/253618275
mood,研究所,/f/mood/p/237505331
mood,研究所,/f/mood/p/233210591
mood,研究所,/f/mood/p/224894123
mood,研究所,/f/mood/p/230074998
mood,研究所,/f/mood/p/240484770
mood,研究所,/f/mood/p/235808662
mood,研究所,/f/mood/p/225004483
mood,研究所,/f/mood/p/237977537
mood,研究所,/f/mood/p/232415984
mood,研究所,/f/mood/p/254926243
mood,研究所,/f/mood/p/254707290
mood,研究所,/f/mood/p/55129730
mood,研究所,/f/mood/p/237028301
mood,研究所,/f/mood/p/229178892
mood,研究所,/f/mood/p/228554267
mood,研究所,/f/mood/p/225785079
mood,研究所,/f/mood/p/230022735
mood,研究所,/f/mood/p/228614333
mood,研究所,/f/mood/p/1205805
mood,研究所,/f/mood/p/228828257
mood,研究所,/f/mood/p/232583875
mood,研究所,/f/mood/p/588483
mood,研究所,/f/mood/p/229087749
mood,研究所,/f/mood/p/234729199
mood,研究所,/f/mood/p/241501983
mood,研究所,/f/mood/p/240640237
mood,研究所,/f/mood/p/229247802
mood,研究所,/f/mood/p/232421324
mood,研究所,/f/mood/p/233333918
mood,研究所,/f/mood/p/1051273
mood,研究所,/f/mood/p/232046565
mood,研究所,/f/mood/p/237614543
mood,研究所,/f/mood/p/768020
mood,研究所,/f/mood/p/225948256
mood,研究所,/f/mood/p/1019850
mood,研究所,/f/mood/p/225005714
mood,研究所,/f/mood/p/254685808
mood,研究所,/f/mood/p/224732812
mood,研究所,/f/mood/p/254533941
mood,研究所,/f/mood/p/224166046
mood,研究所,/f/mood/p/25755
mood,研究所,/f/mood/p/234638845
mood,研究所,/f/mood/p/236882361
mood,研究所,/f/mood/p/227365616
mood,研究所,/f/mood/p/253157529
mood,研究所,/f/mood/p/228596361
mood,研究所,/f/mood/p/113393
mood,研究所,/f/mood/p/240454380
mood,研究所,/f/mood/p/225060556
mood,研究所,/f/mood/p/224450843
mood,研究所,/f/mood/p/224831987
mood,研究所,/f/mood/p/235235136
mood,研究所,/f/mood/p/226480204
mood,研究所,/f/mood/p/232232737
mood,研究所,/f/mood/p/239877799
mood,研究所,/f/mood/p/695230
mood,研究所,/f/mood/p/238071193
mood,研究所,/f/mood/p/231235356
mood,研究所,/f/mood/p/233792157
mood,研究所,/f/mood/p/1147585
mood,研究所,/f/mood/p/237520162
mood,研究所,/f/mood/p/90807762
mood,研究所,/f/mood/p/240585270
mood,研究所,/f/mood/p/235610323
mood,研究所,/f/mood/p/996985
mood,研究所,/f/mood/p/938313
mood,研究所,/f/mood/p/609477
mood,研究所,/f/mood/p/240663537
mood,研究所,/f/mood/p/229668122
mood,研究所,/f/mood/p/231039670
mood,研究所,/f/mood/p/1105671
mood,研究所,/f/mood/p/232498791
mood,研究所,/f/mood/p/254676145
mood,研究所,/f/mood/p/225007928
mood,研究所,/f/mood/p/235514840
mood,研究所,/f/mood/p/226795602
mood,研究所,/f/mood/p/237240302
mood,研究所,/f/mood/p/238561060
mood,研究所,/f/mood/p/25150933
mood,研究所,/f/mood/p/229902495
mood,研究所,/f/mood/p/237564096
mood,研究所,/f/mood/p/231337575
mood,研究所,/f/mood/p/227704175
mood,研究所,/f/mood/p/33834
mood,研究所,/f/mood/p/234972568
mood,研究所,/f/mood/p/53182442
mood,研究所,/f/mood/p/27064
mood,研究所,/f/mood/p/231090926
mood,研究所,/f/mood/p/171309
mood,研究所,/f/mood/p/237368057
mood,研究所,/f/mood/p/1168574
mood,研究所,/f/mood/p/237898152
mood,研究所,/f/mood/p/254803318
mood,研究所,/f/mood/p/254693590
mood,研究所,/f/mood/p/233696485
mood,研究所,/f/mood/p/227555294
mood,研究所,/f/mood/p/114606
mood,研究所,/f/mood/p/535993
mood,研究所,/f/mood/p/1128613
mood,研究所,/f/mood/p/237596528
mood,研究所,/f/mood/p/225790349
mood,研究所,/f/mood/p/239886485
mood,研究所,/f/mood/p/239722043
mood,研究所,/f/mood/p/1191579
mood,研究所,/f/mood/p/227291647
mood,研究所,/f/mood/p/225996055
mood,研究所,/f/mood/p/254763861
mood,研究所,/f/mood/p/237144266
mood,研究所,/f/mood/p/224520579
mood,研究所,/f/mood/p/230073957
mood,研究所,/f/mood/p/117303929
mood,研究所,/f/mood/p/238906947
mood,研究所,/f/mood/p/987020
mood,研究所,/f/mood/p/240376185
mood,研究所,/f/mood/p/226686817
mood,研究所,/f/mood/p/236307011
mood,研究所,/f/mood/p/231475093
mood,研究所,/f/mood/p/254279106
mood,研究所,/f/mood/p/230885575
mood,研究所,/f/mood/p/237774446
mood,研究所,/f/mood/p/229854872
mood,研究所,/f/mood/p/237491078
mood,研究所,/f/mood/p/62131889
mood,研究所,/f/mood/p/242625121
mood,研究所,/f/mood/p/229364328
mood,研究所,/f/mood/p/1068154
mood,研究所,/f/mood/p/233165749
mood,研究所,/f/mood/p/225204110
mood,研究所,/f/mood/p/237102477
mood,研究所,/f/mood/p/73793214
mood,研究所,/f/mood/p/230834926
mood,研究所,/f/mood/p/224080483
mood,研究所,/f/mood/p/236910083
mood,研究所,/f/mood/p/238280380
mood,研究所,/f/mood/p/253281766
mood,研究所,/f/mood/p/237554060
mood,研究所,/f/mood/p/971441
mood,研究所,/f/mood/p/229094802
mood,研究所,/f/mood/p/235206379
mood,研究所,/f/mood/p/237866548
mood,研究所,/f/mood/p/22165142
mood,研究所,/f/mood/p/232609954
mood,研究所,/f/mood/p/226026085
mood,研究所,/f/mood/p/421214
mood,研究所,/f/mood/p/224086372
mood,研究所,/f/mood/p/225954169
mood,研究所,/f/mood/p/27529863
mood,研究所,/f/mood/p/237614796
mood,研究所,/f/mood/p/253390494
mood,研究所,/f/mood/p/253370747
mood,研究所,/f/mood/p/1033042
mood,研究所,/f/mood/p/240225804
mood,研究所,/f/mood/p/225312167
mood,研究所,/f/mood/p/225353531
mood,研究所,/f/mood/p/236790941
mood,研究所,/f/mood/p/228503448
mood,研究所,/f/mood/p/235031794
mood,研究所,/f/mood/p/229333945
mood,研究所,/f/mood/p/240857075
mood,研究所,/f/mood/p/237631272
mood,研究所,/f/mood/p/26069374
mood,研究所,/f/mood/p/237667025
mood,研究所,/f/mood/p/231951571
mood,研究所,/f/mood/p/236089864
mood,研究所,/f/mood/p/228430675
mood,研究所,/f/mood/p/253149490
mood,研究所,/f/mood/p/253934537
mood,研究所,/f/mood/p/230642771
mood,研究所,/f/mood/p/224153854
mood,研究所,/f/mood/p/253691326
mood,研究所,/f/mood/p/224490049
mood,研究所,/f/mood/p/224052989
mood,研究所,/f/mood/p/224059545
mood,研究所,/f/mood/p/232778772
mood,研究所,/f/mood/p/228685889
mood,研究所,/f/mood/p/403125
mood,研究所,/f/mood/p/225500095
mood,研究所,/f/mood/p/1113704
mood,研究所,/f/mood/p/234416493
mood,研究所,/f/mood/p/238174097
mood,研究所,/f/mood/p/230904396
mood,研究所,/f/mood/p/237232949
mood,研究所,/f/mood/p/233717424
mood,研究所,/f/mood/p/228563296
mood,研究所,/f/mood/p/238189718
mood,研究所,/f/mood/p/237529336
mood,研究所,/f/mood/p/254498763
mood,研究所,/f/mood/p/536045
mood,研究所,/f/mood/p/232304731
mood,研究所,/f/mood/p/225294922
mood,研究所,/f/mood/p/254695712
mood,研究所,/f/mood/p/230865267
mood,研究所,/f/mood/p/236897625
mood,研究所,/f/mood/p/143512202
mood,研究所,/f/mood/p/254673633
mood,研究所,/f/mood/p/763190
mood,研究所,/f/mood/p/234057100
mood,研究所,/f/mood/p/233226615
mood,研究所,/f/mood/p/16164
mood,研究所,/f/mood/p/232619236
mood,研究所,/f/mood/p/233256232
mood,大學,/f/freshman/p/254753958
mood,大學,/f/mood/p/255199619
mood,大學,/f/mood/p/255045009
mood,大學,/f/mood/p/255055160
mood,大學,/f/mood/p/255028093
mood,大學,/f/mood/p/255215866
mood,大學,/f/mood/p/255190844
mood,大學,/f/mood/p/255278580
mood,大學,/f/mood/p/255161921
mood,大學,/f/mood/p/255131411
mood,大學,/f/mood/p/255220120
mood,大學,/f/mood/p/255243963
mood,大學,/f/mood/p/255085670
mood,大學,/f/mood/p/255173807
mood,大學,/f/mood/p/255202343
mood,大學,/f/mood/p/255172196
mood,大學,/f/mood/p/255128998
mood,大學,/f/mood/p/254999693
mood,大學,/f/mood/p/255256333
mood,大學,/f/mood/p/254977326
mood,大學,/f/mood/p/255217436
mood,大學,/f/mood/p/255222382
mood,大學,/f/mood/p/255279615
mood,大學,/f/mood/p/255201838
mood,大學,/f/mood/p/255169459
mood,大學,/f/mood/p/255259068
mood,大學,/f/mood/p/255244577
mood,大學,/f/mood/p/240122622
mood,大學,/f/mood/p/255257898
mood,大學,/f/mood/p/255277764
mood,大學,/f/mood/p/255266511
mood,課業壓力,/f/mood/p/255161921
mood,課業壓力,/f/mood/p/253476957
mood,課業壓力,/f/mood/p/255220120
mood,課業壓力,/f/mood/p/241349159
mood,課業壓力,/f/mood/p/237951437
mood,課業壓力,/f/mood/p/253242247
mood,課業壓力,/f/mood/p/234752917
mood,課業壓力,/f/mood/p/255008680
mood,課業壓力,/f/mood/p/255146646
mood,課業壓力,/f/mood/p/240131515
mood,課業壓力,/f/mood/p/225374947
mood,課業壓力,/f/mood/p/254859307
mood,課業壓力,/f/mood/p/255119080
mood,課業壓力,/f/mood/p/228836785
mood,課業壓力,/f/mood/p/237364435
mood,課業壓力,/f/mood/p/255219428
mood,課業壓力,/f/mood/p/254838001
mood,課業壓力,/f/mood/p/238162688
mood,課業壓力,/f/mood/p/227342392
mood,課業壓力,/f/mood/p/253877830
mood,課業壓力,/f/mood/p/712599
mood,課業壓力,/f/mood/p/237313325
mood,課業壓力,/f/mood/p/240568875
mood,課業壓力,/f/mood/p/228910259
mood,課業壓力,/f/mood/p/238762781
mood,課業壓力,/f/mood/p/238825410
mood,課業壓力,/f/mood/p/241299870
mood,課業壓力,/f/mood/p/253340683
mood,課業壓力,/f/mood/p/237507237
mood,課業壓力,/f/mood/p/230705008
mood,畢業發展,/f/mood/p/236774586
mood,畢業發展,/f/mood/p/236005961
mood,畢業發展,/f/mood/p/242392449
mood,畢業發展,/f/mood/p/240233276
mood,畢業發展,/f/mood/p/241842999
mood,畢業發展,/f/mood/p/976278
mood,畢業發展,/f/mood/p/254150573
mood,畢業發展,/f/mood/p/241192471
mood,畢業發展,/f/mood/p/255224770
mood,畢業發展,/f/mood/p/231168794
mood,畢業發展,/f/mood/p/1155401
mood,畢業發展,/f/mood/p/238598504
mood,畢業發展,/f/mood/p/228543486
mood,畢業發展,/f/mood/p/227716428
mood,畢業發展,/f/mood/p/242510071
mood,畢業發展,/f/mood/p/245915183
mood,畢業發展,/f/mood/p/255274485
mood,畢業發展,/f/mood/p/235501321
mood,畢業發展,/f/mood/p/242097818
mood,畢業發展,/f/mood/p/238283991
mood,畢業發展,/f/mood/p/228129228
mood,畢業發展,/f/mood/p/255003778
mood,畢業發展,/f/mood/p/255272790
mood,畢業發展,/f/mood/p/225093553
mood,畢業發展,/f/mood/p/239347069
mood,畢業發展,/f/mood/p/254662996
mood,畢業發展,/f/mood/p/254682532
mood,畢業發展,/f/mood/p/237340985
mood,畢業發展,/f/mood/p/242827572
mood,畢業發展,/f/mood/p/254917601
mood,人際狀況,/f/mood/p/237936763
mood,人際狀況,/f/mood/p/238700592
mood,人際狀況,/f/mood/p/236855619
mood,人際狀況,/f/mood/p/236363760
mood,人際狀況,/f/mood/p/235753983
mood,人際狀況,/f/mood/p/181417308
mood,人際狀況,/f/mood/p/228212473
mood,人際狀況,/f/mood/p/228986299
mood,人際狀況,/f/mood/p/240279151
mood,人際狀況,/f/mood/p/228981995
mood,人際狀況,/f/mood/p/240876234
mood,人際狀況,/f/mood/p/228973747
mood,人際狀況,/f/mood/p/706839
mood,人際狀況,/f/mood/p/254935052
mood,人際狀況,/f/mood/p/230771764
mood,人際狀況,/f/mood/p/227454518
mood,人際狀況,/f/mood/p/239841954
mood,人際狀況,/f/mood/p/227333300
mood,人際狀況,/f/mood/p/228535245
mood,人際狀況,/f/mood/p/228566822
mood,人際狀況,/f/mood/p/233255326
mood,人際狀況,/f/mood/p/255225097
mood,人際狀況,/f/mood/p/227736782
mood,人際狀況,/f/mood/p/229078067
mood,人際狀況,/f/mood/p/233442141
mood,人際狀況,/f/mood/p/255166629
mood,人際狀況,/f/mood/p/44065187
mood,人際狀況,/f/mood/p/237252422
mood,人際狀況,/f/mood/p/239411504
mood,人際狀況,/f/mood/p/234317645
mood,經濟狀況,/f/mood/p/253541595
mood,經濟狀況,/f/mood/p/255238890
mood,經濟狀況,/f/mood/p/255163210
mood,經濟狀況,/f/mood/p/241396534
mood,經濟狀況,/f/mood/p/255249960
mood,經濟狀況,/f/mood/p/255233654
mood,經濟狀況,/f/mood/p/254990298
mood,經濟狀況,/f/mood/p/254852848
mood,經濟狀況,/f/mood/p/239552943
mood,經濟狀況,/f/mood/p/254756229
mood,經濟狀況,/f/mood/p/254254252
mood,經濟狀況,/f/mood/p/255001581
mood,經濟狀況,/f/mood/p/255259572
mood,經濟狀況,/f/mood/p/236235286
mood,經濟狀況,/f/mood/p/254518415
mood,經濟狀況,/f/mood/p/254757973
mood,經濟狀況,/f/mood/p/254886941
mood,經濟狀況,/f/mood/p/254597170
mood,經濟狀況,/f/mood/p/255183748
mood,經濟狀況,/f/mood/p/255092396
mood,經濟狀況,/f/mood/p/254662996
mood,經濟狀況,/f/mood/p/255247686
mood,經濟狀況,/f/mood/p/234527747
mood,經濟狀況,/f/mood/p/254917570
mood,經濟狀況,/f/mood/p/255228015
mood,經濟狀況,/f/mood/p/254604531
mood,經濟狀況,/f/mood/p/233285045
mood,經濟狀況,/f/mood/p/255187164
mood,經濟狀況,/f/mood/p/255267657
mood,經濟狀況,/f/mood/p/241983253
mood,家庭影響,/f/mood/p/252731173
mood,家庭影響,/f/mood/p/253119762
mood,家庭影響,/f/mood/p/243018514
mood,家庭影響,/f/mood/p/239575830
mood,家庭影響,/f/mood/p/237250458
mood,家庭影響,/f/mood/p/242702382
mood,家庭影響,/f/mood/p/239091943
mood,家庭影響,/f/mood/p/238016993
mood,家庭影響,/f/mood/p/234099199
mood,家庭影響,/f/mood/p/240272372
mood,家庭影響,/f/mood/p/255173840
mood,家庭影響,/f/mood/p/238111017
mood,家庭影響,/f/mood/p/232141358
mood,家庭影響,/f/mood/p/242457112
mood,家庭影響,/f/mood/p/238196845
mood,家庭影響,/f/mood/p/230647215
mood,家庭影響,/f/mood/p/240000572
mood,家庭影響,/f/mood/p/255137470
mood,家庭影響,/f/mood/p/242574909
mood,家庭影響,/f/mood/p/238030287
mood,家庭影響,/f/mood/p/241227686
mood,家庭影響,/f/mood/p/255167698
mood,家庭影響,/f/mood/p/253513014
mood,家庭影響,/f/mood/p/237024975
mood,家庭影響,/f/mood/p/241936611
mood,家庭影響,/f/mood/p/242369872
mood,家庭影響,/f/mood/p/240074468
mood,家庭影響,/f/mood/p/255200075
mood,家庭影響,/f/mood/p/255208390
mood,家庭影響,/f/mood/p/253934921